USE [Foot]
GO
SET IDENTITY_INSERT [Equipes].[Joueur] ON 

INSERT [Equipes].[Joueur] ([JoueurId], [Nom], [Prenom], [DateNaissance], [sexe], [age]) VALUES (1, N'Martinez', N'Carlos', CAST(N'1989-05-10' AS Date), N'Homme', 34)
INSERT [Equipes].[Joueur] ([JoueurId], [Nom], [Prenom], [DateNaissance], [sexe], [age]) VALUES (2, N'Smith', N'John', CAST(N'1992-08-15' AS Date), N'Homme', 31)
INSERT [Equipes].[Joueur] ([JoueurId], [Nom], [Prenom], [DateNaissance], [sexe], [age]) VALUES (3, N'Doe', N'Jane', CAST(N'1995-04-20' AS Date), N'Femme', 28)
INSERT [Equipes].[Joueur] ([JoueurId], [Nom], [Prenom], [DateNaissance], [sexe], [age]) VALUES (4, N'Brown', N'Charlie', CAST(N'1990-09-30' AS Date), N'Homme', 33)
INSERT [Equipes].[Joueur] ([JoueurId], [Nom], [Prenom], [DateNaissance], [sexe], [age]) VALUES (5, N'Wilson', N'Emma', CAST(N'1998-03-05' AS Date), N'Femme', 26)
INSERT [Equipes].[Joueur] ([JoueurId], [Nom], [Prenom], [DateNaissance], [sexe], [age]) VALUES (6, N'Garcia', N'Lucia', CAST(N'1987-07-22' AS Date), N'Femme', 36)
INSERT [Equipes].[Joueur] ([JoueurId], [Nom], [Prenom], [DateNaissance], [sexe], [age]) VALUES (7, N'Lee', N'Daniel', CAST(N'1991-11-12' AS Date), N'Homme', 32)
INSERT [Equipes].[Joueur] ([JoueurId], [Nom], [Prenom], [DateNaissance], [sexe], [age]) VALUES (8, N'Walker', N'Sophia', CAST(N'1994-02-28' AS Date), N'Femme', 30)
INSERT [Equipes].[Joueur] ([JoueurId], [Nom], [Prenom], [DateNaissance], [sexe], [age]) VALUES (9, N'Harris', N'Oliver', CAST(N'1993-01-16' AS Date), N'Homme', 31)
INSERT [Equipes].[Joueur] ([JoueurId], [Nom], [Prenom], [DateNaissance], [sexe], [age]) VALUES (10, N'Sanchez', N'Mia', CAST(N'1988-12-09' AS Date), N'Femme', 35)
INSERT [Equipes].[Joueur] ([JoueurId], [Nom], [Prenom], [DateNaissance], [sexe], [age]) VALUES (11, N'Morales', N'Eva', CAST(N'1996-07-03' AS Date), N'Femme', 27)
INSERT [Equipes].[Joueur] ([JoueurId], [Nom], [Prenom], [DateNaissance], [sexe], [age]) VALUES (12, N'Robinson', N'Kyle', CAST(N'1985-10-17' AS Date), N'Homme', 38)
INSERT [Equipes].[Joueur] ([JoueurId], [Nom], [Prenom], [DateNaissance], [sexe], [age]) VALUES (13, N'Clark', N'Zoe', CAST(N'1997-06-22' AS Date), N'Femme', 26)
INSERT [Equipes].[Joueur] ([JoueurId], [Nom], [Prenom], [DateNaissance], [sexe], [age]) VALUES (14, N'Rodriguez', N'Alex', CAST(N'1993-03-15' AS Date), N'Homme', 31)
INSERT [Equipes].[Joueur] ([JoueurId], [Nom], [Prenom], [DateNaissance], [sexe], [age]) VALUES (15, N'Lewis', N'Liam', CAST(N'1990-01-25' AS Date), N'Homme', 34)
INSERT [Equipes].[Joueur] ([JoueurId], [Nom], [Prenom], [DateNaissance], [sexe], [age]) VALUES (16, N'Lee', N'Hannah', CAST(N'1998-04-19' AS Date), N'Femme', 25)
INSERT [Equipes].[Joueur] ([JoueurId], [Nom], [Prenom], [DateNaissance], [sexe], [age]) VALUES (17, N'Walker', N'Isaac', CAST(N'1989-11-30' AS Date), N'Homme', 34)
INSERT [Equipes].[Joueur] ([JoueurId], [Nom], [Prenom], [DateNaissance], [sexe], [age]) VALUES (18, N'Hall', N'Julia', CAST(N'1994-08-05' AS Date), N'Femme', 29)
INSERT [Equipes].[Joueur] ([JoueurId], [Nom], [Prenom], [DateNaissance], [sexe], [age]) VALUES (19, N'Allen', N'Mason', CAST(N'1992-12-14' AS Date), N'Homme', 31)
INSERT [Equipes].[Joueur] ([JoueurId], [Nom], [Prenom], [DateNaissance], [sexe], [age]) VALUES (20, N'Young', N'Nora', CAST(N'1995-09-26' AS Date), N'Femme', 28)
INSERT [Equipes].[Joueur] ([JoueurId], [Nom], [Prenom], [DateNaissance], [sexe], [age]) VALUES (21, N'Perez', N'Gabriel', CAST(N'1996-05-14' AS Date), N'Homme', 27)
INSERT [Equipes].[Joueur] ([JoueurId], [Nom], [Prenom], [DateNaissance], [sexe], [age]) VALUES (22, N'Evans', N'Lily', CAST(N'1997-08-09' AS Date), N'Femme', 26)
INSERT [Equipes].[Joueur] ([JoueurId], [Nom], [Prenom], [DateNaissance], [sexe], [age]) VALUES (23, N'Nelson', N'Oscar', CAST(N'1994-12-11' AS Date), N'Homme', 29)
INSERT [Equipes].[Joueur] ([JoueurId], [Nom], [Prenom], [DateNaissance], [sexe], [age]) VALUES (24, N'Rivera', N'Camila', CAST(N'1988-07-07' AS Date), N'Femme', 35)
INSERT [Equipes].[Joueur] ([JoueurId], [Nom], [Prenom], [DateNaissance], [sexe], [age]) VALUES (25, N'Carter', N'Aiden', CAST(N'1993-10-20' AS Date), N'Homme', 30)
INSERT [Equipes].[Joueur] ([JoueurId], [Nom], [Prenom], [DateNaissance], [sexe], [age]) VALUES (26, N'Mitchell', N'Grace', CAST(N'1992-03-15' AS Date), N'Femme', 32)
INSERT [Equipes].[Joueur] ([JoueurId], [Nom], [Prenom], [DateNaissance], [sexe], [age]) VALUES (27, N'Roberts', N'Nathan', CAST(N'1987-01-24' AS Date), N'Homme', 37)
INSERT [Equipes].[Joueur] ([JoueurId], [Nom], [Prenom], [DateNaissance], [sexe], [age]) VALUES (28, N'Phillips', N'Zara', CAST(N'1999-04-18' AS Date), N'Femme', 24)
INSERT [Equipes].[Joueur] ([JoueurId], [Nom], [Prenom], [DateNaissance], [sexe], [age]) VALUES (29, N'Campbell', N'Ethan', CAST(N'1990-09-26' AS Date), N'Homme', 33)
INSERT [Equipes].[Joueur] ([JoueurId], [Nom], [Prenom], [DateNaissance], [sexe], [age]) VALUES (30, N'Parker', N'Isabelle', CAST(N'1995-06-03' AS Date), N'Femme', 28)
INSERT [Equipes].[Joueur] ([JoueurId], [Nom], [Prenom], [DateNaissance], [sexe], [age]) VALUES (31, N'Edwards', N'Max', CAST(N'1991-02-17' AS Date), N'Homme', 33)
INSERT [Equipes].[Joueur] ([JoueurId], [Nom], [Prenom], [DateNaissance], [sexe], [age]) VALUES (32, N'Collins', N'Olivia', CAST(N'1993-11-08' AS Date), N'Femme', 30)
INSERT [Equipes].[Joueur] ([JoueurId], [Nom], [Prenom], [DateNaissance], [sexe], [age]) VALUES (33, N'Stewart', N'Patrick', CAST(N'1989-05-21' AS Date), N'Homme', 34)
INSERT [Equipes].[Joueur] ([JoueurId], [Nom], [Prenom], [DateNaissance], [sexe], [age]) VALUES (34, N'Morris', N'Quinn', CAST(N'1996-08-30' AS Date), N'Femme', 27)
INSERT [Equipes].[Joueur] ([JoueurId], [Nom], [Prenom], [DateNaissance], [sexe], [age]) VALUES (35, N'Rogers', N'Ryan', CAST(N'1994-07-13' AS Date), N'Homme', 29)
INSERT [Equipes].[Joueur] ([JoueurId], [Nom], [Prenom], [DateNaissance], [sexe], [age]) VALUES (36, N'Reed', N'Samantha', CAST(N'1985-12-19' AS Date), N'Femme', 38)
INSERT [Equipes].[Joueur] ([JoueurId], [Nom], [Prenom], [DateNaissance], [sexe], [age]) VALUES (37, N'Cook', N'Tyler', CAST(N'1997-03-24' AS Date), N'Homme', 27)
INSERT [Equipes].[Joueur] ([JoueurId], [Nom], [Prenom], [DateNaissance], [sexe], [age]) VALUES (38, N'Morgan', N'Uma', CAST(N'1998-10-31' AS Date), N'Femme', 25)
INSERT [Equipes].[Joueur] ([JoueurId], [Nom], [Prenom], [DateNaissance], [sexe], [age]) VALUES (39, N'Bell', N'Victor', CAST(N'1992-01-15' AS Date), N'Homme', 32)
INSERT [Equipes].[Joueur] ([JoueurId], [Nom], [Prenom], [DateNaissance], [sexe], [age]) VALUES (40, N'Murphy', N'Wendy', CAST(N'1986-04-27' AS Date), N'Femme', 37)
INSERT [Equipes].[Joueur] ([JoueurId], [Nom], [Prenom], [DateNaissance], [sexe], [age]) VALUES (41, N'Bailey', N'Xander', CAST(N'1990-07-12' AS Date), N'Homme', 33)
INSERT [Equipes].[Joueur] ([JoueurId], [Nom], [Prenom], [DateNaissance], [sexe], [age]) VALUES (42, N'Rivera', N'Yasmin', CAST(N'1995-02-23' AS Date), N'Femme', 29)
INSERT [Equipes].[Joueur] ([JoueurId], [Nom], [Prenom], [DateNaissance], [sexe], [age]) VALUES (43, N'Cooper', N'Zach', CAST(N'1988-11-05' AS Date), N'Homme', 35)
INSERT [Equipes].[Joueur] ([JoueurId], [Nom], [Prenom], [DateNaissance], [sexe], [age]) VALUES (44, N'Richardson', N'Amelia', CAST(N'1999-09-15' AS Date), N'Femme', 24)
INSERT [Equipes].[Joueur] ([JoueurId], [Nom], [Prenom], [DateNaissance], [sexe], [age]) VALUES (45, N'Cox', N'Bruno', CAST(N'1996-03-11' AS Date), N'Homme', 28)
INSERT [Equipes].[Joueur] ([JoueurId], [Nom], [Prenom], [DateNaissance], [sexe], [age]) VALUES (46, N'Howard', N'Celia', CAST(N'1997-12-20' AS Date), N'Femme', 26)
INSERT [Equipes].[Joueur] ([JoueurId], [Nom], [Prenom], [DateNaissance], [sexe], [age]) VALUES (47, N'Ward', N'Dexter', CAST(N'1994-10-28' AS Date), N'Homme', 29)
INSERT [Equipes].[Joueur] ([JoueurId], [Nom], [Prenom], [DateNaissance], [sexe], [age]) VALUES (48, N'Torres', N'Eloise', CAST(N'1988-06-05' AS Date), N'Femme', 35)
INSERT [Equipes].[Joueur] ([JoueurId], [Nom], [Prenom], [DateNaissance], [sexe], [age]) VALUES (49, N'Peterson', N'Finn', CAST(N'1993-08-14' AS Date), N'Homme', 30)
INSERT [Equipes].[Joueur] ([JoueurId], [Nom], [Prenom], [DateNaissance], [sexe], [age]) VALUES (50, N'Gray', N'Georgia', CAST(N'1992-01-19' AS Date), N'Femme', 32)
INSERT [Equipes].[Joueur] ([JoueurId], [Nom], [Prenom], [DateNaissance], [sexe], [age]) VALUES (51, N'Ramirez', N'Hugo', CAST(N'1987-03-09' AS Date), N'Homme', 37)
INSERT [Equipes].[Joueur] ([JoueurId], [Nom], [Prenom], [DateNaissance], [sexe], [age]) VALUES (52, N'James', N'Ivy', CAST(N'1999-05-25' AS Date), N'Femme', 24)
INSERT [Equipes].[Joueur] ([JoueurId], [Nom], [Prenom], [DateNaissance], [sexe], [age]) VALUES (53, N'Watson', N'Jake', CAST(N'1990-11-30' AS Date), N'Homme', 33)
INSERT [Equipes].[Joueur] ([JoueurId], [Nom], [Prenom], [DateNaissance], [sexe], [age]) VALUES (54, N'Brooks', N'Kara', CAST(N'1995-07-08' AS Date), N'Femme', 28)
INSERT [Equipes].[Joueur] ([JoueurId], [Nom], [Prenom], [DateNaissance], [sexe], [age]) VALUES (55, N'Kelly', N'Leo', CAST(N'1991-04-02' AS Date), N'Homme', 33)
INSERT [Equipes].[Joueur] ([JoueurId], [Nom], [Prenom], [DateNaissance], [sexe], [age]) VALUES (56, N'Sanders', N'Mia', CAST(N'1993-10-12' AS Date), N'Femme', 30)
INSERT [Equipes].[Joueur] ([JoueurId], [Nom], [Prenom], [DateNaissance], [sexe], [age]) VALUES (57, N'Price', N'Noah', CAST(N'1989-06-18' AS Date), N'Homme', 34)
INSERT [Equipes].[Joueur] ([JoueurId], [Nom], [Prenom], [DateNaissance], [sexe], [age]) VALUES (58, N'Bennett', N'Olga', CAST(N'1996-09-23' AS Date), N'Femme', 27)
INSERT [Equipes].[Joueur] ([JoueurId], [Nom], [Prenom], [DateNaissance], [sexe], [age]) VALUES (59, N'Ronaldo', N'Cristiano', CAST(N'1991-04-02' AS Date), N'Homme', 33)
INSERT [Equipes].[Joueur] ([JoueurId], [Nom], [Prenom], [DateNaissance], [sexe], [age]) VALUES (60, N'Messi', N'Leo', CAST(N'1993-10-12' AS Date), N'Homme', 30)
SET IDENTITY_INSERT [Equipes].[Joueur] OFF
GO
SET IDENTITY_INSERT [Equipes].[GardienBut] ON 

INSERT [Equipes].[GardienBut] ([GardienButId], [ButEncaisse], [CleanSheet], [JoueurId]) VALUES (1, 5, 10, 1)
INSERT [Equipes].[GardienBut] ([GardienButId], [ButEncaisse], [CleanSheet], [JoueurId]) VALUES (2, 7, 8, 2)
INSERT [Equipes].[GardienBut] ([GardienButId], [ButEncaisse], [CleanSheet], [JoueurId]) VALUES (3, 4, 12, 3)
INSERT [Equipes].[GardienBut] ([GardienButId], [ButEncaisse], [CleanSheet], [JoueurId]) VALUES (4, 6, 9, 4)
INSERT [Equipes].[GardienBut] ([GardienButId], [ButEncaisse], [CleanSheet], [JoueurId]) VALUES (5, 3, 15, 5)
INSERT [Equipes].[GardienBut] ([GardienButId], [ButEncaisse], [CleanSheet], [JoueurId]) VALUES (6, 8, 7, 6)
INSERT [Equipes].[GardienBut] ([GardienButId], [ButEncaisse], [CleanSheet], [JoueurId]) VALUES (7, 10, 5, 7)
INSERT [Equipes].[GardienBut] ([GardienButId], [ButEncaisse], [CleanSheet], [JoueurId]) VALUES (8, 2, 18, 8)
INSERT [Equipes].[GardienBut] ([GardienButId], [ButEncaisse], [CleanSheet], [JoueurId]) VALUES (9, 9, 6, 9)
INSERT [Equipes].[GardienBut] ([GardienButId], [ButEncaisse], [CleanSheet], [JoueurId]) VALUES (10, 11, 4, 10)
INSERT [Equipes].[GardienBut] ([GardienButId], [ButEncaisse], [CleanSheet], [JoueurId]) VALUES (11, 12, 3, 11)
INSERT [Equipes].[GardienBut] ([GardienButId], [ButEncaisse], [CleanSheet], [JoueurId]) VALUES (12, 1, 20, 12)
INSERT [Equipes].[GardienBut] ([GardienButId], [ButEncaisse], [CleanSheet], [JoueurId]) VALUES (13, 0, 22, 13)
INSERT [Equipes].[GardienBut] ([GardienButId], [ButEncaisse], [CleanSheet], [JoueurId]) VALUES (14, 13, 2, 14)
INSERT [Equipes].[GardienBut] ([GardienButId], [ButEncaisse], [CleanSheet], [JoueurId]) VALUES (15, 14, 1, 15)
INSERT [Equipes].[GardienBut] ([GardienButId], [ButEncaisse], [CleanSheet], [JoueurId]) VALUES (16, 15, 0, 16)
INSERT [Equipes].[GardienBut] ([GardienButId], [ButEncaisse], [CleanSheet], [JoueurId]) VALUES (17, 16, 0, 17)
INSERT [Equipes].[GardienBut] ([GardienButId], [ButEncaisse], [CleanSheet], [JoueurId]) VALUES (18, 0, 25, 18)
INSERT [Equipes].[GardienBut] ([GardienButId], [ButEncaisse], [CleanSheet], [JoueurId]) VALUES (19, 2, 23, 19)
INSERT [Equipes].[GardienBut] ([GardienButId], [ButEncaisse], [CleanSheet], [JoueurId]) VALUES (20, 3, 17, 20)
SET IDENTITY_INSERT [Equipes].[GardienBut] OFF
GO
SET IDENTITY_INSERT [Equipes].[Equipe] ON 

INSERT [Equipes].[Equipe] ([EquipeId], [NomEquipe], [Pays], [CouleursEquipe], [DateFondation]) VALUES (1, N'Lions FC', N'France', N'Bleu', CAST(N'1901-03-12' AS Date))
INSERT [Equipes].[Equipe] ([EquipeId], [NomEquipe], [Pays], [CouleursEquipe], [DateFondation]) VALUES (2, N'Eagles United', N'Espagne', N'Rouge ', CAST(N'1902-05-25' AS Date))
INSERT [Equipes].[Equipe] ([EquipeId], [NomEquipe], [Pays], [CouleursEquipe], [DateFondation]) VALUES (3, N'Wolves FC', N'Angleterre', N'Noir ', CAST(N'1898-11-08' AS Date))
INSERT [Equipes].[Equipe] ([EquipeId], [NomEquipe], [Pays], [CouleursEquipe], [DateFondation]) VALUES (4, N'Tigers Athletic', N'Italie', N'Vert ', CAST(N'1910-07-14' AS Date))
INSERT [Equipes].[Equipe] ([EquipeId], [NomEquipe], [Pays], [CouleursEquipe], [DateFondation]) VALUES (5, N'Sharks FC', N'Portugal', N'Bleu ', CAST(N'1923-02-17' AS Date))
INSERT [Equipes].[Equipe] ([EquipeId], [NomEquipe], [Pays], [CouleursEquipe], [DateFondation]) VALUES (6, N'Dragons City', N'Pays-Bas', N'Orange ', CAST(N'1905-09-26' AS Date))
INSERT [Equipes].[Equipe] ([EquipeId], [NomEquipe], [Pays], [CouleursEquipe], [DateFondation]) VALUES (7, N'Bears SC', N'Brésil', N'Vert ', CAST(N'1919-04-03' AS Date))
INSERT [Equipes].[Equipe] ([EquipeId], [NomEquipe], [Pays], [CouleursEquipe], [DateFondation]) VALUES (8, N'Raptors FC', N'Argentine', N'Bleu', CAST(N'1930-10-21' AS Date))
INSERT [Equipes].[Equipe] ([EquipeId], [NomEquipe], [Pays], [CouleursEquipe], [DateFondation]) VALUES (9, N'Hawks FC', N'Allemagne', N'Rouge', CAST(N'1887-01-13' AS Date))
INSERT [Equipes].[Equipe] ([EquipeId], [NomEquipe], [Pays], [CouleursEquipe], [DateFondation]) VALUES (10, N'Dolphins FC', N'USA', N'Bleu', CAST(N'1975-03-29' AS Date))
INSERT [Equipes].[Equipe] ([EquipeId], [NomEquipe], [Pays], [CouleursEquipe], [DateFondation]) VALUES (11, N'Leopards FC', N'Belgique', N'Rouge ', CAST(N'1895-06-07' AS Date))
INSERT [Equipes].[Equipe] ([EquipeId], [NomEquipe], [Pays], [CouleursEquipe], [DateFondation]) VALUES (12, N'Pumas United', N'Mexique', N'Or', CAST(N'1940-12-12' AS Date))
INSERT [Equipes].[Equipe] ([EquipeId], [NomEquipe], [Pays], [CouleursEquipe], [DateFondation]) VALUES (13, N'Falcons FC', N'Japon', N'Rouge', CAST(N'1965-08-05' AS Date))
INSERT [Equipes].[Equipe] ([EquipeId], [NomEquipe], [Pays], [CouleursEquipe], [DateFondation]) VALUES (14, N'Giraffes Athletic', N'Sénégal', N'Vert', CAST(N'1981-07-19' AS Date))
INSERT [Equipes].[Equipe] ([EquipeId], [NomEquipe], [Pays], [CouleursEquipe], [DateFondation]) VALUES (15, N'Elephants SC', N'Côte d Ivoire', N'Orange ', CAST(N'1960-03-11' AS Date))
INSERT [Equipes].[Equipe] ([EquipeId], [NomEquipe], [Pays], [CouleursEquipe], [DateFondation]) VALUES (16, N'Cheetahs FC', N'Ghana', N'Jaune ', CAST(N'1958-09-22' AS Date))
INSERT [Equipes].[Equipe] ([EquipeId], [NomEquipe], [Pays], [CouleursEquipe], [DateFondation]) VALUES (17, N'Panthers FC', N'USA', N'Noir ', CAST(N'1992-04-17' AS Date))
INSERT [Equipes].[Equipe] ([EquipeId], [NomEquipe], [Pays], [CouleursEquipe], [DateFondation]) VALUES (18, N'Lynx FC', N'Canada', N'Rouge ', CAST(N'2001-05-28' AS Date))
INSERT [Equipes].[Equipe] ([EquipeId], [NomEquipe], [Pays], [CouleursEquipe], [DateFondation]) VALUES (19, N'Zebras United', N'Zimbabwe', N'Noir ', CAST(N'1976-11-02' AS Date))
INSERT [Equipes].[Equipe] ([EquipeId], [NomEquipe], [Pays], [CouleursEquipe], [DateFondation]) VALUES (20, N'Kangaroos FC', N'Australie', N'Vert ', CAST(N'1888-08-15' AS Date))
INSERT [Equipes].[Equipe] ([EquipeId], [NomEquipe], [Pays], [CouleursEquipe], [DateFondation]) VALUES (21, N'Comets FC', N'France', N'Rouge ', CAST(N'1884-04-15' AS Date))
INSERT [Equipes].[Equipe] ([EquipeId], [NomEquipe], [Pays], [CouleursEquipe], [DateFondation]) VALUES (22, N'Blizzards United', N'Russie', N'Blanc ', CAST(N'1921-12-22' AS Date))
INSERT [Equipes].[Equipe] ([EquipeId], [NomEquipe], [Pays], [CouleursEquipe], [DateFondation]) VALUES (23, N'Vipers FC', N'Italie', N'Vert ', CAST(N'1909-06-03' AS Date))
INSERT [Equipes].[Equipe] ([EquipeId], [NomEquipe], [Pays], [CouleursEquipe], [DateFondation]) VALUES (24, N'Condors Athletic', N'Chili', N'Blanc ', CAST(N'1934-11-09' AS Date))
INSERT [Equipes].[Equipe] ([EquipeId], [NomEquipe], [Pays], [CouleursEquipe], [DateFondation]) VALUES (25, N'Stallions FC', N'USA', N'Noir ', CAST(N'1985-07-21' AS Date))
INSERT [Equipes].[Equipe] ([EquipeId], [NomEquipe], [Pays], [CouleursEquipe], [DateFondation]) VALUES (26, N'Thunderbirds City', N'Canada', N'Bleu ', CAST(N'1972-02-18' AS Date))
INSERT [Equipes].[Equipe] ([EquipeId], [NomEquipe], [Pays], [CouleursEquipe], [DateFondation]) VALUES (27, N'Wizards SC', N'Espagne', N'Violet ', CAST(N'1906-03-29' AS Date))
INSERT [Equipes].[Equipe] ([EquipeId], [NomEquipe], [Pays], [CouleursEquipe], [DateFondation]) VALUES (28, N'Mammoths FC', N'Russie', N'Gris ', CAST(N'1954-05-14' AS Date))
INSERT [Equipes].[Equipe] ([EquipeId], [NomEquipe], [Pays], [CouleursEquipe], [DateFondation]) VALUES (29, N'Cobras FC', N'Australie', N'Vert ', CAST(N'1963-08-11' AS Date))
INSERT [Equipes].[Equipe] ([EquipeId], [NomEquipe], [Pays], [CouleursEquipe], [DateFondation]) VALUES (30, N'Phoenix FC', N'Égypte', N'Or', CAST(N'1912-09-25' AS Date))
INSERT [Equipes].[Equipe] ([EquipeId], [NomEquipe], [Pays], [CouleursEquipe], [DateFondation]) VALUES (31, N'Vikings FC', N'Norvège', N'Bleu ', CAST(N'1894-03-17' AS Date))
INSERT [Equipes].[Equipe] ([EquipeId], [NomEquipe], [Pays], [CouleursEquipe], [DateFondation]) VALUES (32, N'Samurais United', N'Japon', N'Rouge ', CAST(N'1950-10-06' AS Date))
INSERT [Equipes].[Equipe] ([EquipeId], [NomEquipe], [Pays], [CouleursEquipe], [DateFondation]) VALUES (33, N'Pirates FC', N'Jamaïque', N'Noir ', CAST(N'1932-07-22' AS Date))
INSERT [Equipes].[Equipe] ([EquipeId], [NomEquipe], [Pays], [CouleursEquipe], [DateFondation]) VALUES (34, N'Ninjas Athletic', N'Chine', N'Noir', CAST(N'1988-04-18' AS Date))
INSERT [Equipes].[Equipe] ([EquipeId], [NomEquipe], [Pays], [CouleursEquipe], [DateFondation]) VALUES (35, N'Gladiators SC', N'Italie', N'Rouge ', CAST(N'1925-06-13' AS Date))
INSERT [Equipes].[Equipe] ([EquipeId], [NomEquipe], [Pays], [CouleursEquipe], [DateFondation]) VALUES (36, N'Spartans FC', N'Grèce', N'Bleu', CAST(N'1903-12-05' AS Date))
INSERT [Equipes].[Equipe] ([EquipeId], [NomEquipe], [Pays], [CouleursEquipe], [DateFondation]) VALUES (37, N'Titans FC', N'USA', N'Bleu ', CAST(N'1978-02-03' AS Date))
INSERT [Equipes].[Equipe] ([EquipeId], [NomEquipe], [Pays], [CouleursEquipe], [DateFondation]) VALUES (38, N'Crusaders FC', N'Angleterre', N'Rouge ', CAST(N'1882-11-10' AS Date))
INSERT [Equipes].[Equipe] ([EquipeId], [NomEquipe], [Pays], [CouleursEquipe], [DateFondation]) VALUES (39, N'Knights United', N'France', N'Bleu ', CAST(N'1899-07-24' AS Date))
INSERT [Equipes].[Equipe] ([EquipeId], [NomEquipe], [Pays], [CouleursEquipe], [DateFondation]) VALUES (40, N'Archers FC', N'Corée du Sud', N'Vert', CAST(N'1982-03-15' AS Date))
SET IDENTITY_INSERT [Equipes].[Equipe] OFF
GO
SET IDENTITY_INSERT [Contrats].[ContratJoueur] ON 

INSERT [Contrats].[ContratJoueur] ([ContratJoueurId], [JoueurID], [EquipeId]) VALUES (1, 1, 1)
INSERT [Contrats].[ContratJoueur] ([ContratJoueurId], [JoueurID], [EquipeId]) VALUES (2, 2, 2)
INSERT [Contrats].[ContratJoueur] ([ContratJoueurId], [JoueurID], [EquipeId]) VALUES (3, 3, 3)
INSERT [Contrats].[ContratJoueur] ([ContratJoueurId], [JoueurID], [EquipeId]) VALUES (4, 4, 4)
INSERT [Contrats].[ContratJoueur] ([ContratJoueurId], [JoueurID], [EquipeId]) VALUES (5, 5, 5)
INSERT [Contrats].[ContratJoueur] ([ContratJoueurId], [JoueurID], [EquipeId]) VALUES (6, 6, 6)
INSERT [Contrats].[ContratJoueur] ([ContratJoueurId], [JoueurID], [EquipeId]) VALUES (7, 7, 7)
INSERT [Contrats].[ContratJoueur] ([ContratJoueurId], [JoueurID], [EquipeId]) VALUES (8, 8, 8)
INSERT [Contrats].[ContratJoueur] ([ContratJoueurId], [JoueurID], [EquipeId]) VALUES (9, 9, 9)
INSERT [Contrats].[ContratJoueur] ([ContratJoueurId], [JoueurID], [EquipeId]) VALUES (10, 10, 10)
INSERT [Contrats].[ContratJoueur] ([ContratJoueurId], [JoueurID], [EquipeId]) VALUES (11, 11, 11)
INSERT [Contrats].[ContratJoueur] ([ContratJoueurId], [JoueurID], [EquipeId]) VALUES (12, 12, 12)
INSERT [Contrats].[ContratJoueur] ([ContratJoueurId], [JoueurID], [EquipeId]) VALUES (13, 13, 13)
INSERT [Contrats].[ContratJoueur] ([ContratJoueurId], [JoueurID], [EquipeId]) VALUES (14, 14, 14)
INSERT [Contrats].[ContratJoueur] ([ContratJoueurId], [JoueurID], [EquipeId]) VALUES (15, 15, 15)
INSERT [Contrats].[ContratJoueur] ([ContratJoueurId], [JoueurID], [EquipeId]) VALUES (16, 16, 16)
INSERT [Contrats].[ContratJoueur] ([ContratJoueurId], [JoueurID], [EquipeId]) VALUES (17, 17, 17)
INSERT [Contrats].[ContratJoueur] ([ContratJoueurId], [JoueurID], [EquipeId]) VALUES (18, 18, 18)
INSERT [Contrats].[ContratJoueur] ([ContratJoueurId], [JoueurID], [EquipeId]) VALUES (19, 19, 19)
INSERT [Contrats].[ContratJoueur] ([ContratJoueurId], [JoueurID], [EquipeId]) VALUES (20, 20, 20)
INSERT [Contrats].[ContratJoueur] ([ContratJoueurId], [JoueurID], [EquipeId]) VALUES (21, 21, 21)
INSERT [Contrats].[ContratJoueur] ([ContratJoueurId], [JoueurID], [EquipeId]) VALUES (22, 22, 22)
INSERT [Contrats].[ContratJoueur] ([ContratJoueurId], [JoueurID], [EquipeId]) VALUES (23, 23, 23)
INSERT [Contrats].[ContratJoueur] ([ContratJoueurId], [JoueurID], [EquipeId]) VALUES (24, 24, 24)
INSERT [Contrats].[ContratJoueur] ([ContratJoueurId], [JoueurID], [EquipeId]) VALUES (25, 25, 25)
INSERT [Contrats].[ContratJoueur] ([ContratJoueurId], [JoueurID], [EquipeId]) VALUES (26, 26, 26)
INSERT [Contrats].[ContratJoueur] ([ContratJoueurId], [JoueurID], [EquipeId]) VALUES (27, 27, 27)
INSERT [Contrats].[ContratJoueur] ([ContratJoueurId], [JoueurID], [EquipeId]) VALUES (28, 28, 28)
INSERT [Contrats].[ContratJoueur] ([ContratJoueurId], [JoueurID], [EquipeId]) VALUES (29, 29, 29)
INSERT [Contrats].[ContratJoueur] ([ContratJoueurId], [JoueurID], [EquipeId]) VALUES (30, 30, 30)
INSERT [Contrats].[ContratJoueur] ([ContratJoueurId], [JoueurID], [EquipeId]) VALUES (31, 31, 31)
INSERT [Contrats].[ContratJoueur] ([ContratJoueurId], [JoueurID], [EquipeId]) VALUES (32, 32, 32)
INSERT [Contrats].[ContratJoueur] ([ContratJoueurId], [JoueurID], [EquipeId]) VALUES (33, 33, 33)
INSERT [Contrats].[ContratJoueur] ([ContratJoueurId], [JoueurID], [EquipeId]) VALUES (34, 34, 34)
INSERT [Contrats].[ContratJoueur] ([ContratJoueurId], [JoueurID], [EquipeId]) VALUES (35, 35, 35)
INSERT [Contrats].[ContratJoueur] ([ContratJoueurId], [JoueurID], [EquipeId]) VALUES (36, 36, 36)
INSERT [Contrats].[ContratJoueur] ([ContratJoueurId], [JoueurID], [EquipeId]) VALUES (37, 37, 37)
INSERT [Contrats].[ContratJoueur] ([ContratJoueurId], [JoueurID], [EquipeId]) VALUES (38, 38, 38)
INSERT [Contrats].[ContratJoueur] ([ContratJoueurId], [JoueurID], [EquipeId]) VALUES (39, 39, 39)
INSERT [Contrats].[ContratJoueur] ([ContratJoueurId], [JoueurID], [EquipeId]) VALUES (40, 40, 40)
INSERT [Contrats].[ContratJoueur] ([ContratJoueurId], [JoueurID], [EquipeId]) VALUES (41, 41, 1)
INSERT [Contrats].[ContratJoueur] ([ContratJoueurId], [JoueurID], [EquipeId]) VALUES (42, 42, 2)
INSERT [Contrats].[ContratJoueur] ([ContratJoueurId], [JoueurID], [EquipeId]) VALUES (43, 43, 3)
INSERT [Contrats].[ContratJoueur] ([ContratJoueurId], [JoueurID], [EquipeId]) VALUES (44, 44, 4)
INSERT [Contrats].[ContratJoueur] ([ContratJoueurId], [JoueurID], [EquipeId]) VALUES (45, 45, 5)
INSERT [Contrats].[ContratJoueur] ([ContratJoueurId], [JoueurID], [EquipeId]) VALUES (46, 46, 6)
INSERT [Contrats].[ContratJoueur] ([ContratJoueurId], [JoueurID], [EquipeId]) VALUES (47, 47, 7)
INSERT [Contrats].[ContratJoueur] ([ContratJoueurId], [JoueurID], [EquipeId]) VALUES (48, 48, 8)
INSERT [Contrats].[ContratJoueur] ([ContratJoueurId], [JoueurID], [EquipeId]) VALUES (49, 49, 9)
INSERT [Contrats].[ContratJoueur] ([ContratJoueurId], [JoueurID], [EquipeId]) VALUES (50, 50, 10)
INSERT [Contrats].[ContratJoueur] ([ContratJoueurId], [JoueurID], [EquipeId]) VALUES (51, 51, 11)
INSERT [Contrats].[ContratJoueur] ([ContratJoueurId], [JoueurID], [EquipeId]) VALUES (52, 52, 12)
INSERT [Contrats].[ContratJoueur] ([ContratJoueurId], [JoueurID], [EquipeId]) VALUES (53, 53, 13)
INSERT [Contrats].[ContratJoueur] ([ContratJoueurId], [JoueurID], [EquipeId]) VALUES (54, 54, 14)
INSERT [Contrats].[ContratJoueur] ([ContratJoueurId], [JoueurID], [EquipeId]) VALUES (55, 55, 15)
INSERT [Contrats].[ContratJoueur] ([ContratJoueurId], [JoueurID], [EquipeId]) VALUES (56, 56, 16)
INSERT [Contrats].[ContratJoueur] ([ContratJoueurId], [JoueurID], [EquipeId]) VALUES (57, 57, 17)
INSERT [Contrats].[ContratJoueur] ([ContratJoueurId], [JoueurID], [EquipeId]) VALUES (58, 58, 18)
INSERT [Contrats].[ContratJoueur] ([ContratJoueurId], [JoueurID], [EquipeId]) VALUES (59, 59, 19)
INSERT [Contrats].[ContratJoueur] ([ContratJoueurId], [JoueurID], [EquipeId]) VALUES (60, 60, 20)
SET IDENTITY_INSERT [Contrats].[ContratJoueur] OFF
GO
SET IDENTITY_INSERT [Matchs].[Match1] ON 

INSERT [Matchs].[Match1] ([MatchId], [Date], [Heure], [Duree], [Gagnant], [Perdant], [EquipeId]) VALUES (1, CAST(N'2024-04-01' AS Date), CAST(N'1900-01-01' AS Date), 90, N'Lions FC', N'Eagles United', 1)
INSERT [Matchs].[Match1] ([MatchId], [Date], [Heure], [Duree], [Gagnant], [Perdant], [EquipeId]) VALUES (2, CAST(N'2024-04-02' AS Date), CAST(N'1900-01-01' AS Date), 95, N'Wolves FC', N'Tigers Athletic', 2)
INSERT [Matchs].[Match1] ([MatchId], [Date], [Heure], [Duree], [Gagnant], [Perdant], [EquipeId]) VALUES (3, CAST(N'2024-04-03' AS Date), CAST(N'1900-01-01' AS Date), 105, N'Sharks FC', N'Dragons City', 3)
INSERT [Matchs].[Match1] ([MatchId], [Date], [Heure], [Duree], [Gagnant], [Perdant], [EquipeId]) VALUES (4, CAST(N'2024-04-04' AS Date), CAST(N'1900-01-01' AS Date), 110, N'Bears SC', N'Raptors FC', 4)
INSERT [Matchs].[Match1] ([MatchId], [Date], [Heure], [Duree], [Gagnant], [Perdant], [EquipeId]) VALUES (5, CAST(N'2024-04-05' AS Date), CAST(N'1900-01-01' AS Date), 120, N'Hawks FC', N'Dolphins FC', 5)
INSERT [Matchs].[Match1] ([MatchId], [Date], [Heure], [Duree], [Gagnant], [Perdant], [EquipeId]) VALUES (6, CAST(N'2024-04-06' AS Date), CAST(N'1900-01-01' AS Date), 85, N'Leopards FC', N'Pumas United', 6)
INSERT [Matchs].[Match1] ([MatchId], [Date], [Heure], [Duree], [Gagnant], [Perdant], [EquipeId]) VALUES (7, CAST(N'2024-04-07' AS Date), CAST(N'1900-01-01' AS Date), 100, N'Falcons FC', N'Giraffes Athletic', 7)
INSERT [Matchs].[Match1] ([MatchId], [Date], [Heure], [Duree], [Gagnant], [Perdant], [EquipeId]) VALUES (8, CAST(N'2024-04-08' AS Date), CAST(N'1900-01-01' AS Date), 90, N'Elephants SC', N'Cheetahs FC', 8)
INSERT [Matchs].[Match1] ([MatchId], [Date], [Heure], [Duree], [Gagnant], [Perdant], [EquipeId]) VALUES (9, CAST(N'2024-04-09' AS Date), CAST(N'1900-01-01' AS Date), 95, N'Panthers FC', N'Lynx FC', 9)
INSERT [Matchs].[Match1] ([MatchId], [Date], [Heure], [Duree], [Gagnant], [Perdant], [EquipeId]) VALUES (10, CAST(N'2024-04-10' AS Date), CAST(N'1900-01-01' AS Date), 105, N'Zebras United', N'Kangaroos FC', 10)
INSERT [Matchs].[Match1] ([MatchId], [Date], [Heure], [Duree], [Gagnant], [Perdant], [EquipeId]) VALUES (11, CAST(N'2024-04-11' AS Date), CAST(N'1900-01-01' AS Date), 90, N'Comets FC', N'Blizzards United', 11)
INSERT [Matchs].[Match1] ([MatchId], [Date], [Heure], [Duree], [Gagnant], [Perdant], [EquipeId]) VALUES (12, CAST(N'2024-04-12' AS Date), CAST(N'1900-01-01' AS Date), 85, N'Vipers FC', N'Condors Athletic', 12)
INSERT [Matchs].[Match1] ([MatchId], [Date], [Heure], [Duree], [Gagnant], [Perdant], [EquipeId]) VALUES (13, CAST(N'2024-04-13' AS Date), CAST(N'1900-01-01' AS Date), 110, N'Stallions FC', N'Thunderbirds City', 13)
INSERT [Matchs].[Match1] ([MatchId], [Date], [Heure], [Duree], [Gagnant], [Perdant], [EquipeId]) VALUES (14, CAST(N'2024-04-14' AS Date), CAST(N'1900-01-01' AS Date), 120, N'Wizards SC', N'Mammoths FC', 14)
INSERT [Matchs].[Match1] ([MatchId], [Date], [Heure], [Duree], [Gagnant], [Perdant], [EquipeId]) VALUES (15, CAST(N'2024-04-15' AS Date), CAST(N'1900-01-01' AS Date), 90, N'Cobras FC', N'Phoenix FC', 15)
INSERT [Matchs].[Match1] ([MatchId], [Date], [Heure], [Duree], [Gagnant], [Perdant], [EquipeId]) VALUES (16, CAST(N'2024-04-16' AS Date), CAST(N'1900-01-01' AS Date), 105, N'Vikings FC', N'Samurais United', 16)
INSERT [Matchs].[Match1] ([MatchId], [Date], [Heure], [Duree], [Gagnant], [Perdant], [EquipeId]) VALUES (17, CAST(N'2024-04-17' AS Date), CAST(N'1900-01-01' AS Date), 95, N'Pirates FC', N'Ninjas Athletic', 17)
INSERT [Matchs].[Match1] ([MatchId], [Date], [Heure], [Duree], [Gagnant], [Perdant], [EquipeId]) VALUES (18, CAST(N'2024-04-18' AS Date), CAST(N'1900-01-01' AS Date), 100, N'Gladiators SC', N'Spartans FC', 18)
INSERT [Matchs].[Match1] ([MatchId], [Date], [Heure], [Duree], [Gagnant], [Perdant], [EquipeId]) VALUES (19, CAST(N'2024-04-19' AS Date), CAST(N'1900-01-01' AS Date), 115, N'Titans FC', N'Crusaders FC', 19)
INSERT [Matchs].[Match1] ([MatchId], [Date], [Heure], [Duree], [Gagnant], [Perdant], [EquipeId]) VALUES (20, CAST(N'2024-04-20' AS Date), CAST(N'1900-01-01' AS Date), 105, N'Knights United', N'Archers FC', 20)
SET IDENTITY_INSERT [Matchs].[Match1] OFF
GO
SET IDENTITY_INSERT [Matchs].[But] ON 

INSERT [Matchs].[But] ([ButId], [DateBut], [MinuteBut], [descriptionBut], [JoueurID], [MatchId]) VALUES (1, CAST(N'2024-04-01' AS Date), 15, N'Tir lointain', 1, 1)
INSERT [Matchs].[But] ([ButId], [DateBut], [MinuteBut], [descriptionBut], [JoueurID], [MatchId]) VALUES (2, CAST(N'2024-04-02' AS Date), 37, N'Coup de tête', 2, 2)
INSERT [Matchs].[But] ([ButId], [DateBut], [MinuteBut], [descriptionBut], [JoueurID], [MatchId]) VALUES (3, CAST(N'2024-04-02' AS Date), 45, N'Penalty', 1, 2)
INSERT [Matchs].[But] ([ButId], [DateBut], [MinuteBut], [descriptionBut], [JoueurID], [MatchId]) VALUES (4, CAST(N'2024-04-04' AS Date), 22, N'Frappe', 4, 4)
INSERT [Matchs].[But] ([ButId], [DateBut], [MinuteBut], [descriptionBut], [JoueurID], [MatchId]) VALUES (5, CAST(N'2024-04-05' AS Date), 58, N'Solo', 3, 5)
INSERT [Matchs].[But] ([ButId], [DateBut], [MinuteBut], [descriptionBut], [JoueurID], [MatchId]) VALUES (6, CAST(N'2024-04-06' AS Date), 63, N'Tir croisé', 7, 6)
INSERT [Matchs].[But] ([ButId], [DateBut], [MinuteBut], [descriptionBut], [JoueurID], [MatchId]) VALUES (7, CAST(N'2024-04-07' AS Date), 70, N'Reprise', 7, 7)
INSERT [Matchs].[But] ([ButId], [DateBut], [MinuteBut], [descriptionBut], [JoueurID], [MatchId]) VALUES (8, CAST(N'2024-04-08' AS Date), 82, N'Volée', 8, 8)
INSERT [Matchs].[But] ([ButId], [DateBut], [MinuteBut], [descriptionBut], [JoueurID], [MatchId]) VALUES (9, CAST(N'2024-04-09' AS Date), 29, N'Coup franc', 9, 9)
INSERT [Matchs].[But] ([ButId], [DateBut], [MinuteBut], [descriptionBut], [JoueurID], [MatchId]) VALUES (10, CAST(N'2024-04-09' AS Date), 55, N'Dribble', 10, 9)
INSERT [Matchs].[But] ([ButId], [DateBut], [MinuteBut], [descriptionBut], [JoueurID], [MatchId]) VALUES (11, CAST(N'2024-04-11' AS Date), 11, N'Tête', 3, 11)
INSERT [Matchs].[But] ([ButId], [DateBut], [MinuteBut], [descriptionBut], [JoueurID], [MatchId]) VALUES (12, CAST(N'2024-04-12' AS Date), 76, N'Tir puissant', 12, 12)
INSERT [Matchs].[But] ([ButId], [DateBut], [MinuteBut], [descriptionBut], [JoueurID], [MatchId]) VALUES (13, CAST(N'2024-04-13' AS Date), 88, N'Tir de loin', 8, 13)
INSERT [Matchs].[But] ([ButId], [DateBut], [MinuteBut], [descriptionBut], [JoueurID], [MatchId]) VALUES (14, CAST(N'2024-04-14' AS Date), 9, N'Frappe de volée', 14, 14)
INSERT [Matchs].[But] ([ButId], [DateBut], [MinuteBut], [descriptionBut], [JoueurID], [MatchId]) VALUES (15, CAST(N'2024-04-15' AS Date), 33, N'Demi-volée', 4, 15)
INSERT [Matchs].[But] ([ButId], [DateBut], [MinuteBut], [descriptionBut], [JoueurID], [MatchId]) VALUES (16, CAST(N'2024-04-16' AS Date), 60, N'Bicyclette', 16, 16)
INSERT [Matchs].[But] ([ButId], [DateBut], [MinuteBut], [descriptionBut], [JoueurID], [MatchId]) VALUES (17, CAST(N'2024-04-17' AS Date), 47, N'Lob', 11, 17)
INSERT [Matchs].[But] ([ButId], [DateBut], [MinuteBut], [descriptionBut], [JoueurID], [MatchId]) VALUES (18, CAST(N'2024-04-18' AS Date), 25, N'Corner direct', 18, 18)
INSERT [Matchs].[But] ([ButId], [DateBut], [MinuteBut], [descriptionBut], [JoueurID], [MatchId]) VALUES (19, CAST(N'2024-04-19' AS Date), 67, N'Contre son camp', 19, 19)
INSERT [Matchs].[But] ([ButId], [DateBut], [MinuteBut], [descriptionBut], [JoueurID], [MatchId]) VALUES (20, CAST(N'2024-04-16' AS Date), 73, N'Tir sous la barre', 20, 16)
INSERT [Matchs].[But] ([ButId], [DateBut], [MinuteBut], [descriptionBut], [JoueurID], [MatchId]) VALUES (21, CAST(N'2024-04-06' AS Date), 63, N'Tir croisé', 7, 6)
INSERT [Matchs].[But] ([ButId], [DateBut], [MinuteBut], [descriptionBut], [JoueurID], [MatchId]) VALUES (22, CAST(N'2024-04-07' AS Date), 70, N'Reprise', 7, 7)
INSERT [Matchs].[But] ([ButId], [DateBut], [MinuteBut], [descriptionBut], [JoueurID], [MatchId]) VALUES (23, CAST(N'2024-04-08' AS Date), 82, N'Volée', 8, 8)
INSERT [Matchs].[But] ([ButId], [DateBut], [MinuteBut], [descriptionBut], [JoueurID], [MatchId]) VALUES (24, CAST(N'2024-04-09' AS Date), 29, N'Coup franc', 9, 9)
INSERT [Matchs].[But] ([ButId], [DateBut], [MinuteBut], [descriptionBut], [JoueurID], [MatchId]) VALUES (25, CAST(N'2024-04-10' AS Date), 55, N'Dribble', 10, 10)
INSERT [Matchs].[But] ([ButId], [DateBut], [MinuteBut], [descriptionBut], [JoueurID], [MatchId]) VALUES (26, CAST(N'2024-04-11' AS Date), 15, N'Tête', 3, 11)
INSERT [Matchs].[But] ([ButId], [DateBut], [MinuteBut], [descriptionBut], [JoueurID], [MatchId]) VALUES (27, CAST(N'2024-04-12' AS Date), 66, N'Tir puissant', 12, 12)
INSERT [Matchs].[But] ([ButId], [DateBut], [MinuteBut], [descriptionBut], [JoueurID], [MatchId]) VALUES (28, CAST(N'2024-04-13' AS Date), 78, N'Tir de loin', 8, 13)
INSERT [Matchs].[But] ([ButId], [DateBut], [MinuteBut], [descriptionBut], [JoueurID], [MatchId]) VALUES (29, CAST(N'2024-04-14' AS Date), 19, N'Frappe de volée', 14, 14)
INSERT [Matchs].[But] ([ButId], [DateBut], [MinuteBut], [descriptionBut], [JoueurID], [MatchId]) VALUES (30, CAST(N'2024-04-15' AS Date), 43, N'Demi-volée', 4, 15)
INSERT [Matchs].[But] ([ButId], [DateBut], [MinuteBut], [descriptionBut], [JoueurID], [MatchId]) VALUES (31, CAST(N'2024-04-01' AS Date), 50, N'Bicyclette', 14, 1)
INSERT [Matchs].[But] ([ButId], [DateBut], [MinuteBut], [descriptionBut], [JoueurID], [MatchId]) VALUES (32, CAST(N'2024-04-17' AS Date), 77, N'Lob', 11, 17)
INSERT [Matchs].[But] ([ButId], [DateBut], [MinuteBut], [descriptionBut], [JoueurID], [MatchId]) VALUES (33, CAST(N'2024-04-18' AS Date), 65, N'Corner direct', 19, 18)
INSERT [Matchs].[But] ([ButId], [DateBut], [MinuteBut], [descriptionBut], [JoueurID], [MatchId]) VALUES (34, CAST(N'2024-04-19' AS Date), 67, N'Contre son camp', 1, 19)
INSERT [Matchs].[But] ([ButId], [DateBut], [MinuteBut], [descriptionBut], [JoueurID], [MatchId]) VALUES (35, CAST(N'2024-04-20' AS Date), 13, N'Tir sous la barre', 1, 20)
SET IDENTITY_INSERT [Matchs].[But] OFF
GO
SET IDENTITY_INSERT [Equipes].[Entraineur] ON 

INSERT [Equipes].[Entraineur] ([EntraineurId], [Nom], [Prenom], [DateNaissance], [Specialite], [age]) VALUES (1, N'Martinez', N'Carlos', CAST(N'1975-05-10' AS Date), NULL, 45)
INSERT [Equipes].[Entraineur] ([EntraineurId], [Nom], [Prenom], [DateNaissance], [Specialite], [age]) VALUES (2, N'Smith', N'John', CAST(N'1982-08-15' AS Date), NULL, 38)
INSERT [Equipes].[Entraineur] ([EntraineurId], [Nom], [Prenom], [DateNaissance], [Specialite], [age]) VALUES (3, N'Doe', N'Jane', CAST(N'1980-04-20' AS Date), NULL, 40)
INSERT [Equipes].[Entraineur] ([EntraineurId], [Nom], [Prenom], [DateNaissance], [Specialite], [age]) VALUES (4, N'Brown', N'Charlie', CAST(N'1978-09-30' AS Date), NULL, 42)
INSERT [Equipes].[Entraineur] ([EntraineurId], [Nom], [Prenom], [DateNaissance], [Specialite], [age]) VALUES (5, N'Wilson', N'Emma', CAST(N'1972-03-05' AS Date), NULL, 48)
INSERT [Equipes].[Entraineur] ([EntraineurId], [Nom], [Prenom], [DateNaissance], [Specialite], [age]) VALUES (6, N'Garcia', N'Lucia', CAST(N'1969-07-22' AS Date), NULL, 51)
INSERT [Equipes].[Entraineur] ([EntraineurId], [Nom], [Prenom], [DateNaissance], [Specialite], [age]) VALUES (7, N'Lee', N'Daniel', CAST(N'1985-11-12' AS Date), NULL, 35)
INSERT [Equipes].[Entraineur] ([EntraineurId], [Nom], [Prenom], [DateNaissance], [Specialite], [age]) VALUES (8, N'Walker', N'Sophia', CAST(N'1983-02-28' AS Date), NULL, 37)
INSERT [Equipes].[Entraineur] ([EntraineurId], [Nom], [Prenom], [DateNaissance], [Specialite], [age]) VALUES (9, N'Harris', N'Oliver', CAST(N'1976-01-16' AS Date), NULL, 44)
INSERT [Equipes].[Entraineur] ([EntraineurId], [Nom], [Prenom], [DateNaissance], [Specialite], [age]) VALUES (10, N'Sanchez', N'Mia', CAST(N'1984-12-09' AS Date), NULL, 36)
INSERT [Equipes].[Entraineur] ([EntraineurId], [Nom], [Prenom], [DateNaissance], [Specialite], [age]) VALUES (11, N'Morales', N'Eva', CAST(N'1977-07-03' AS Date), NULL, 43)
INSERT [Equipes].[Entraineur] ([EntraineurId], [Nom], [Prenom], [DateNaissance], [Specialite], [age]) VALUES (12, N'Robinson', N'Kyle', CAST(N'1970-10-17' AS Date), NULL, 50)
INSERT [Equipes].[Entraineur] ([EntraineurId], [Nom], [Prenom], [DateNaissance], [Specialite], [age]) VALUES (13, N'Clark', N'Zoe', CAST(N'1981-06-22' AS Date), NULL, 39)
INSERT [Equipes].[Entraineur] ([EntraineurId], [Nom], [Prenom], [DateNaissance], [Specialite], [age]) VALUES (14, N'Rodriguez', N'Alex', CAST(N'1987-03-15' AS Date), NULL, 33)
INSERT [Equipes].[Entraineur] ([EntraineurId], [Nom], [Prenom], [DateNaissance], [Specialite], [age]) VALUES (15, N'Lewis', N'Liam', CAST(N'1979-01-25' AS Date), NULL, 41)
INSERT [Equipes].[Entraineur] ([EntraineurId], [Nom], [Prenom], [DateNaissance], [Specialite], [age]) VALUES (16, N'Lee', N'Hannah', CAST(N'1988-04-19' AS Date), NULL, 32)
INSERT [Equipes].[Entraineur] ([EntraineurId], [Nom], [Prenom], [DateNaissance], [Specialite], [age]) VALUES (17, N'Walker', N'Isaac', CAST(N'1982-11-30' AS Date), NULL, 38)
INSERT [Equipes].[Entraineur] ([EntraineurId], [Nom], [Prenom], [DateNaissance], [Specialite], [age]) VALUES (18, N'Hall', N'Julia', CAST(N'1973-08-05' AS Date), NULL, 47)
INSERT [Equipes].[Entraineur] ([EntraineurId], [Nom], [Prenom], [DateNaissance], [Specialite], [age]) VALUES (19, N'Allen', N'Mason', CAST(N'1986-12-14' AS Date), NULL, 34)
INSERT [Equipes].[Entraineur] ([EntraineurId], [Nom], [Prenom], [DateNaissance], [Specialite], [age]) VALUES (20, N'Young', N'Nora', CAST(N'1974-09-26' AS Date), NULL, 46)
INSERT [Equipes].[Entraineur] ([EntraineurId], [Nom], [Prenom], [DateNaissance], [Specialite], [age]) VALUES (21, N'Taylor', N'Max', CAST(N'1980-03-14' AS Date), NULL, 40)
INSERT [Equipes].[Entraineur] ([EntraineurId], [Nom], [Prenom], [DateNaissance], [Specialite], [age]) VALUES (22, N'King', N'Eliza', CAST(N'1975-07-22' AS Date), NULL, 45)
INSERT [Equipes].[Entraineur] ([EntraineurId], [Nom], [Prenom], [DateNaissance], [Specialite], [age]) VALUES (23, N'Wright', N'Bob', CAST(N'1978-11-02' AS Date), NULL, 42)
INSERT [Equipes].[Entraineur] ([EntraineurId], [Nom], [Prenom], [DateNaissance], [Specialite], [age]) VALUES (24, N'Lopez', N'Anna', CAST(N'1983-05-19' AS Date), NULL, 37)
INSERT [Equipes].[Entraineur] ([EntraineurId], [Nom], [Prenom], [DateNaissance], [Specialite], [age]) VALUES (25, N'Hill', N'Steve', CAST(N'1968-08-25' AS Date), NULL, 52)
INSERT [Equipes].[Entraineur] ([EntraineurId], [Nom], [Prenom], [DateNaissance], [Specialite], [age]) VALUES (26, N'Scott', N'Diana', CAST(N'1972-01-30' AS Date), NULL, 48)
INSERT [Equipes].[Entraineur] ([EntraineurId], [Nom], [Prenom], [DateNaissance], [Specialite], [age]) VALUES (27, N'Adams', N'Neil', CAST(N'1985-09-17' AS Date), NULL, 35)
INSERT [Equipes].[Entraineur] ([EntraineurId], [Nom], [Prenom], [DateNaissance], [Specialite], [age]) VALUES (28, N'Baker', N'Lena', CAST(N'1976-12-13' AS Date), NULL, 44)
INSERT [Equipes].[Entraineur] ([EntraineurId], [Nom], [Prenom], [DateNaissance], [Specialite], [age]) VALUES (29, N'Green', N'Oscar', CAST(N'1974-04-05' AS Date), NULL, 46)
INSERT [Equipes].[Entraineur] ([EntraineurId], [Nom], [Prenom], [DateNaissance], [Specialite], [age]) VALUES (30, N'Nelson', N'Julie', CAST(N'1987-06-23' AS Date), NULL, 33)
INSERT [Equipes].[Entraineur] ([EntraineurId], [Nom], [Prenom], [DateNaissance], [Specialite], [age]) VALUES (31, N'Carter', N'Aaron', CAST(N'1979-10-31' AS Date), NULL, 41)
INSERT [Equipes].[Entraineur] ([EntraineurId], [Nom], [Prenom], [DateNaissance], [Specialite], [age]) VALUES (32, N'Mitchell', N'Vera', CAST(N'1969-09-09' AS Date), NULL, 51)
INSERT [Equipes].[Entraineur] ([EntraineurId], [Nom], [Prenom], [DateNaissance], [Specialite], [age]) VALUES (33, N'Perez', N'Simon', CAST(N'1982-02-18' AS Date), NULL, 38)
INSERT [Equipes].[Entraineur] ([EntraineurId], [Nom], [Prenom], [DateNaissance], [Specialite], [age]) VALUES (34, N'Roberts', N'Isla', CAST(N'1984-07-14' AS Date), NULL, 36)
INSERT [Equipes].[Entraineur] ([EntraineurId], [Nom], [Prenom], [DateNaissance], [Specialite], [age]) VALUES (35, N'Turner', N'Jake', CAST(N'1977-03-21' AS Date), NULL, 43)
INSERT [Equipes].[Entraineur] ([EntraineurId], [Nom], [Prenom], [DateNaissance], [Specialite], [age]) VALUES (36, N'Phillips', N'Emma', CAST(N'1981-05-25' AS Date), NULL, 39)
INSERT [Equipes].[Entraineur] ([EntraineurId], [Nom], [Prenom], [DateNaissance], [Specialite], [age]) VALUES (37, N'Campbell', N'Louis', CAST(N'1973-12-07' AS Date), NULL, 47)
INSERT [Equipes].[Entraineur] ([EntraineurId], [Nom], [Prenom], [DateNaissance], [Specialite], [age]) VALUES (38, N'Parker', N'Sophie', CAST(N'1986-10-02' AS Date), NULL, 34)
INSERT [Equipes].[Entraineur] ([EntraineurId], [Nom], [Prenom], [DateNaissance], [Specialite], [age]) VALUES (39, N'Evans', N'Ray', CAST(N'1967-06-16' AS Date), NULL, 53)
INSERT [Equipes].[Entraineur] ([EntraineurId], [Nom], [Prenom], [DateNaissance], [Specialite], [age]) VALUES (40, N'Edwards', N'Clara', CAST(N'1971-08-11' AS Date), NULL, 49)
INSERT [Equipes].[Entraineur] ([EntraineurId], [Nom], [Prenom], [DateNaissance], [Specialite], [age]) VALUES (41, N'Collins', N'Mick', CAST(N'1983-03-03' AS Date), NULL, 37)
INSERT [Equipes].[Entraineur] ([EntraineurId], [Nom], [Prenom], [DateNaissance], [Specialite], [age]) VALUES (42, N'Stewart', N'Beth', CAST(N'1970-05-29' AS Date), NULL, 50)
SET IDENTITY_INSERT [Equipes].[Entraineur] OFF
GO
SET IDENTITY_INSERT [Contrats].[ContratEntraineur] ON 

INSERT [Contrats].[ContratEntraineur] ([ContratentraineurId], [EntraineurId], [EquipeId]) VALUES (1, 1, 1)
INSERT [Contrats].[ContratEntraineur] ([ContratentraineurId], [EntraineurId], [EquipeId]) VALUES (2, 2, 2)
INSERT [Contrats].[ContratEntraineur] ([ContratentraineurId], [EntraineurId], [EquipeId]) VALUES (3, 3, 3)
INSERT [Contrats].[ContratEntraineur] ([ContratentraineurId], [EntraineurId], [EquipeId]) VALUES (4, 4, 4)
INSERT [Contrats].[ContratEntraineur] ([ContratentraineurId], [EntraineurId], [EquipeId]) VALUES (5, 5, 5)
INSERT [Contrats].[ContratEntraineur] ([ContratentraineurId], [EntraineurId], [EquipeId]) VALUES (6, 6, 6)
INSERT [Contrats].[ContratEntraineur] ([ContratentraineurId], [EntraineurId], [EquipeId]) VALUES (7, 7, 7)
INSERT [Contrats].[ContratEntraineur] ([ContratentraineurId], [EntraineurId], [EquipeId]) VALUES (8, 8, 8)
INSERT [Contrats].[ContratEntraineur] ([ContratentraineurId], [EntraineurId], [EquipeId]) VALUES (9, 9, 9)
INSERT [Contrats].[ContratEntraineur] ([ContratentraineurId], [EntraineurId], [EquipeId]) VALUES (10, 10, 10)
INSERT [Contrats].[ContratEntraineur] ([ContratentraineurId], [EntraineurId], [EquipeId]) VALUES (11, 11, 11)
INSERT [Contrats].[ContratEntraineur] ([ContratentraineurId], [EntraineurId], [EquipeId]) VALUES (12, 12, 12)
INSERT [Contrats].[ContratEntraineur] ([ContratentraineurId], [EntraineurId], [EquipeId]) VALUES (13, 13, 13)
INSERT [Contrats].[ContratEntraineur] ([ContratentraineurId], [EntraineurId], [EquipeId]) VALUES (14, 14, 14)
INSERT [Contrats].[ContratEntraineur] ([ContratentraineurId], [EntraineurId], [EquipeId]) VALUES (15, 15, 15)
INSERT [Contrats].[ContratEntraineur] ([ContratentraineurId], [EntraineurId], [EquipeId]) VALUES (16, 16, 16)
INSERT [Contrats].[ContratEntraineur] ([ContratentraineurId], [EntraineurId], [EquipeId]) VALUES (17, 17, 17)
INSERT [Contrats].[ContratEntraineur] ([ContratentraineurId], [EntraineurId], [EquipeId]) VALUES (18, 18, 18)
INSERT [Contrats].[ContratEntraineur] ([ContratentraineurId], [EntraineurId], [EquipeId]) VALUES (19, 19, 19)
INSERT [Contrats].[ContratEntraineur] ([ContratentraineurId], [EntraineurId], [EquipeId]) VALUES (20, 20, 20)
INSERT [Contrats].[ContratEntraineur] ([ContratentraineurId], [EntraineurId], [EquipeId]) VALUES (21, 21, 21)
INSERT [Contrats].[ContratEntraineur] ([ContratentraineurId], [EntraineurId], [EquipeId]) VALUES (22, 22, 22)
INSERT [Contrats].[ContratEntraineur] ([ContratentraineurId], [EntraineurId], [EquipeId]) VALUES (23, 23, 23)
INSERT [Contrats].[ContratEntraineur] ([ContratentraineurId], [EntraineurId], [EquipeId]) VALUES (24, 24, 24)
INSERT [Contrats].[ContratEntraineur] ([ContratentraineurId], [EntraineurId], [EquipeId]) VALUES (25, 25, 25)
INSERT [Contrats].[ContratEntraineur] ([ContratentraineurId], [EntraineurId], [EquipeId]) VALUES (26, 26, 26)
INSERT [Contrats].[ContratEntraineur] ([ContratentraineurId], [EntraineurId], [EquipeId]) VALUES (27, 27, 27)
INSERT [Contrats].[ContratEntraineur] ([ContratentraineurId], [EntraineurId], [EquipeId]) VALUES (28, 28, 28)
INSERT [Contrats].[ContratEntraineur] ([ContratentraineurId], [EntraineurId], [EquipeId]) VALUES (29, 29, 29)
INSERT [Contrats].[ContratEntraineur] ([ContratentraineurId], [EntraineurId], [EquipeId]) VALUES (30, 30, 30)
INSERT [Contrats].[ContratEntraineur] ([ContratentraineurId], [EntraineurId], [EquipeId]) VALUES (31, 31, 31)
INSERT [Contrats].[ContratEntraineur] ([ContratentraineurId], [EntraineurId], [EquipeId]) VALUES (32, 32, 32)
INSERT [Contrats].[ContratEntraineur] ([ContratentraineurId], [EntraineurId], [EquipeId]) VALUES (33, 33, 33)
INSERT [Contrats].[ContratEntraineur] ([ContratentraineurId], [EntraineurId], [EquipeId]) VALUES (34, 34, 34)
INSERT [Contrats].[ContratEntraineur] ([ContratentraineurId], [EntraineurId], [EquipeId]) VALUES (35, 35, 35)
INSERT [Contrats].[ContratEntraineur] ([ContratentraineurId], [EntraineurId], [EquipeId]) VALUES (36, 36, 36)
INSERT [Contrats].[ContratEntraineur] ([ContratentraineurId], [EntraineurId], [EquipeId]) VALUES (37, 37, 37)
INSERT [Contrats].[ContratEntraineur] ([ContratentraineurId], [EntraineurId], [EquipeId]) VALUES (38, 38, 38)
INSERT [Contrats].[ContratEntraineur] ([ContratentraineurId], [EntraineurId], [EquipeId]) VALUES (39, 39, 39)
INSERT [Contrats].[ContratEntraineur] ([ContratentraineurId], [EntraineurId], [EquipeId]) VALUES (40, 40, 40)
SET IDENTITY_INSERT [Contrats].[ContratEntraineur] OFF
GO
